MD,GR,SP,CALI,ILD,LLD,ILM,MSFL,DTC,RHOB,NPHI
1000.0,69.81558813011691,-11.0,8.5,18.0,17.97246306300886,11.214690575286427,4.0,300.0,2.43,0.22
1000.5,72.20473905582709,-11.00462238533596,8.503749728738526,18.226346210496597,18.178203706798215,11.212549395169306,4.030100189269535,300.29408820037037,2.4299645717762215,0.2209258432372829
1001.0,72.03357079762014,-11.018484793244681,8.507497830049484,18.45513834426066,18.38416100917932,11.206132021658489,4.060350799167597,300.5879997418365,2.429858318483861,0.2218511903958748
1001.5,71.13007118228603,-11.041572984305937,8.511242677211628,18.68599247965206,18.589925684073435,11.195456922904679,4.0906753594822245,300.8815580716132,2.429681334232055,0.22277554566289004
1002.0,72.96934574335666,-11.073863242405103,8.514982644916056,18.918506023789625,18.79507621200166,11.18055477154769,4.120995501446612,301.17458684908974,2.4294337757767446,0.22369841375691119
1002.5,75.29230241188417,-11.115322399094284,8.518716109971605,19.15225811219259,18.999179829341877,11.16146828431641,4.151231158761268,301.4669100517577,2.4291158623818387,0.2246193001933672
1003.0,72.3845415974375,-11.165907867662831,8.52244145200934,19.386810150154222,19.201793643588516,11.138251999489075,4.181300790891719,301.75835208094765,2.4287278756250106,0.2255377115494846
1003.5,76.52062886322035,-11.225567686882275,8.52615705418582,19.6217065013349,19.402465873365426,11.110971994202082,4.211121628315487,302.04873786731144,2.4282701591483002,0.22645315572866972
1004.0,76.32525170871426,-11.294240574380721,8.529861303884815,19.856475328004393,19.6007372106419,11.079705544118786,4.240609939129397,302.33789297598656,2.4277431183537526,0.22736514222418036
1004.5,79.49395230115164,-11.371855989591916,8.533552593417209,20.09062958616915,19.796142301246352,11.044540728460092,4.269681316155891,302.6256437113789,2.427147220044348,0.22827318238194563
1005.0,76.64997660432478,-11.458334206214278,8.537229320718755,20.323668177496632,19.98821133837649,11.005575983850354,4.298250983408342,302.9118172215022,2.4264829920105515,0.2291767896623931
1005.5,81.42608804143389,-11.553586394105498,8.540889890045392,20.55507725850325,20.17647176238666,10.962919610839794,4.326234120494222,303.1962416018098,2.42575102256285,0.23007547990114285
1006.0,80.69004192372131,-11.657514710528567,8.544532712665815,20.784331705917126,20.360450058711326,10.916689237323538,4.353546203255488,303.47874599845824,2.4249519600106777,0.23096877156842907
1006.5,83.33934718840959,-11.770012400655528,8.548156207551,21.010896735475942,20.539673644378517,10.8670112433839,4.3801033586722085,303.759160710939,2.424086512088208,0.23185618602710978
1007.0,81.73365637902772,-11.890963907225672,8.551758802060395,21.234229669691004,20.713672832200658,10.814020152333534,4.405822731792825,304.0373172940177,2.4231554453275064,0.23273724778912686
1007.5,83.44969877537022,-12.020244989245594,8.555338932624469,21.453781848321306,20.881982860423516,10.757857992930878,4.43062286220732,304.3130486589193,2.422159584379613,0.23361148477027857
1008.0,81.77030744516884,-12.15772284960913,8.558895045423307,21.6690006734783,21.04414597439098,10.698673637874483,4.454424067352631,304.58618917369813,2.4210998112841398,0.23447842854316842
1008.5,84.69816489603741,-12.30325627150611,8.562425597061,21.87933177944854,21.19971354566502,10.636622123759507,4.477148829737671,304.8565747627335,2.4199770646880463,0.23533761458819447
1009.0,82.13179482917792,-12.456695763479802,8.565929055235488,22.084221315503456,21.34824821304945,10.571863957698438,4.498722185002641,305.1240430052896,2.4187923390142743,0.23618858254244499
1009.5,83.1760279669608,-12.617883712984067,8.569403899403603,22.283118328192735,21.48932602912282,10.504564415770563,4.519072107588254,305.38843323308197,2.417546683580981,0.23703087644636675
1010.0,88.94936697563915,-12.786654548282431,8.572848621441002,22.475477227918223,21.622538595209953,10.434892838373344,4.538129890688671,305.6495866267908,2.4162412016721517,0.237864044988074
1010.5,88.66568302527469,-12.962834908522844,8.576261726296709,22.660760322990246,21.747495167230163,10.36302192740652,4.55583051710066,305.90734631146387,2.4148770495604177,0.23868764174516732
1011.0,90.8801945743107,-13.146243821813384,8.579641732641987,22.838440402906446,21.863824714567983,10.289127050030505,4.572113017563434,306.1615574507515,2.413455435482935,0.2395012254239322
1011.5,91.09188277447372,-13.336692891115987,8.582987173513253,23.00800335129513,21.97117791403115,10.213385553508397,4.586920813210545,306.4120673399166,2.4119776185712456,0.24030436009579015
1012.0,89.22085858933848,-13.533986487767276,8.586296596948756,23.16895076785722,22.069229061100117,10.135976095370648,4.600202038828448,306.65872549756455,2.4104449077360557,0.24109661543087463
1012.5,86.79036628056295,-13.73792195242769,8.589568566618752,23.32080257775051,22.157677881037603,10.0570779928381,4.611909843736118,306.90138375603755,2.408858660507927,0.24187756692860743
1013.0,87.50905620234914,-13.94828980325249,8.592801662448876,23.463099606209305,22.236251223018442,9.97687059510796,4.622002667265827,307.13989635041884,2.4072202818349036,0.2426467961451515
1013.5,90.10628466888738,-14.164873951070824,8.595994481236483,23.595406095801902,22.304704621255887,9.89553268175387,4.630444486035562,307.3741200060938,2.405531222838142,0.2434038909176185
1014.0,88.62623644883584,-14.387451921351836,8.599145637259655,23.717312143614542,22.36282370813481,9.81324189012094,4.63720503045607,307.603914024815,2.403792979526645,0.244148445584911
1014.5,93.18827437694651,-14.615795082729761,8.60225376287861,23.82843603582446,22.410425465604202,9.730174174214858,4.642259968207174,307.82914036922,2.4020070914722376,0.24488006120508088
1015.0,94.99315276167933,-14.849668881853326,8.605317509129284,23.928426457593865,22.447359302516976,9.646503297196334,4.645591052744663,308.04966374574997,2.4001751404459615,0.2455983457690876
1015.5,90.58992381559536,-15.088833084318194,8.608335546308796,24.016964556983787,22.473507947216326,9.562400359203151,4.647186235256144,308.26535168592096,2.398298749017089,0.24630291441084157
1016.0,88.6223378363754,-15.333042021434949,8.611306564552553,24.093765842647063,22.488788146433485,9.478033361836594,4.647039738866222,308.4760746258976,2.3963795791160063,0.24699338961342046
1016.5,92.7420817971047,-15.582044842579181,8.61422927440275,24.158581896406147,22.493151163457515,9.393566810271844,4.645152094292517,308.68170598432226,2.394419330562232,0.24766940141134755
1017.0,91.48967029810684,-15.835585772864434,8.617102407368002,24.21120188343855,22.486583070536597,9.309161353586433,4.641530136567866,308.88212223835245,2.3924197395588753,0.24833058758882395
1017.5,90.43689068801271,-16.093404375873323,8.619924716473902,24.251453844662084,22.469104832543493,9.224973463551198,4.636186962864097,309.07720299786104,2.3903825771548757,0.24897659387380855
1018.0,89.6058991244476,-16.355235821176986,8.6226949768042,24.279205758008928,22.440772181054985,9.141155151797019,4.629141851872232,309.26683107775466,2.388309647676371,0.24960707412784147
1018.5,93.34627443023615,-16.620811156368035,8.625411986032452,24.294366357573402,22.401675280124707,9.057853724960813,4.620420145606117,309.45089256836684,2.3862027871285973,0.25022169053150956
1019.0,89.22653808300554,-16.889857583327576,8.628074564943832,24.29688570208004,22.351938187139538,8.97521157712778,4.610053094894848,309.62927690388375,2.3840638615697287,0.2508201137654543
1019.5,95.44528329704981,-17.16209873844258,8.630681557946929,24.286755486710224,22.29171811421032,8.893366018625446,4.598077670207556,309.8018769287608,2.381894765458098,0.2514020231868253
1020.0,90.4799194987792,-17.437254976485658,8.633231833575287,24.264009095008195,22.221204497528092,8.812449139989793,4.584536339806422,309.96858896209125,2.379697419974267,0.2519671070010851
1020.5,90.59955236956806,-17.71504365786573,8.635724284978478,24.228721390319983,22.14061788398845,8.73258770971532,4.569476817544897,310.1293128598875,2.3774737713194236,0.2525150624290723
1021.0,88.81183373624368,-17.995179438954516,8.638157830402484,24.181008248959902,22.050208646123142,8.65390310421964,4.552951782913433,310.2839520752371,2.3752257889916217,0.2530455958692348
1021.5,94.27059978712144,-18.27737456519054,8.640531413659197,24.12102584000674,21.950255537955236,8.576511268298994,4.535018576180629,310.43241371629927,2.3729554640413846,0.25355842305494536
1022.0,93.06147461093528,-18.561339166659728,8.64284400458481,24.048969659264408,21.84106410579231,8.500522704223433,4.51573887168074,310.5746086021045,2.3706648073082226,0.254053269206815
1022.5,89.11961720490379,-18.846781555848793,8.645094599486924,23.965073327439796,21.722964969172867,8.426042487518561,4.4951783324565255,310.7104513161256,2.368355847639619,0.25452986917992343
1023.0,90.20813685341969,-19.133408527265725,8.647282221580168,23.86960716495668,21.596311988172456,8.353170307403566,4.473406249578419,310.839860257588,2.3660306300940697,0.2549879676058874
1023.5,94.93455153985563,-19.42092565861951,8.649405921410128,23.762876558004145,21.46148033404669,8.282000529801621,4.450495169526356,310.96275769048657,2.3636912141297635,0.25542731902968985
1024.0,93.74228482713191,-19.70903761324974,8.65146477726542,23.64522013238137,21.318864480734565,8.212622280806888,4.426520513039895,311.07906979028235,2.3613396717805073,0.2558476880411983
1024.5,87.21751827084842,-19.997448443495493,8.653457895577738,23.51700775342053,21.1688761350639,8.145119548480944,4.401560188816775,311.1887266882486,2.3589780858205156,0.25624884940130027
1025.0,91.02671577505522,-20.285861894691774,8.655384411309656,23.37863837172595,21.01194212359535,8.079571300858493,4.375694205371712,311.29166251344117,2.356608547919685,0.25663058816258966
1025.5,86.39837117459521,-20.573981709481355,8.657243488330073,23.2305377356432,20.848502253916802,8.01605161806604,4.34900428425899,311.387815432267,2.354233156790991,0.25699269978453804
1026.0,85.62730023743485,-20.86151193212938,8.659034319777106,23.07315599225636,20.679007167866615,7.954629836495862,4.321573477717316,311.47712768562786,2.351854016331645,0.25733499024309014
1026.5,86.14054917727593,-21.14815721252811,8.660756128408277,22.906965199299552,20.503916203634166,7.895370703029349,4.293485793617587,311.559545623616,2.3494732337596616,0.25765727613462447
1027.0,85.27675525493767,-21.4336231095796,8.662408166937837,22.732456770659958,20.323695282975017,7.838334537366603,4.264825830387666,311.6350197377417,2.3470929177474837,0.2579593847742234
1027.5,88.74092593472452,-21.717616393644644,8.663989718361112,22.55013887814898,20.13881483890348,7.783577400591463,4.235678424357641,311.70350469067336,2.3447151765543213,0.25824115428819994
1028.0,87.98215821675161,-21.999845347747293,8.665500096265676,22.360533831936237,19.949747798207085,7.731151268181109,4.206128311718955,311.76495934347116,2.34234211615885,0.2585024337008315
1028.5,85.9911510817568,-22.280020067225582,8.666938645129276,22.1641754614917,19.756967631986353,7.68110420575533,4.176259807026067,311.8193467802997,2.3399758383939386,0.2587430830152549
1029.0,86.56432502607079,-22.557852757520664,8.668304740604327,21.96160651808387,19.560946486181148,7.633480545951182,4.146156499894549,311.86663433060306,2.337618439085042,0.25896297328847845
1029.5,83.96195054017409,-22.83305802979843,8.669597789788893,21.75337611885753,19.362153402724942,7.5883210649024315,4.115900971269534,311.90679358873007,2.3352720061939154,0.2591619867004712
1030.0,83.26311817755992,-23.105353194100008,8.670817231484005,21.54003725128902,19.16105264059185,7.545663156898839,4.085574530357364,311.9398004309977,2.332938617969299,0.25934001661729233
1030.5,82.38691632035291,-23.374458549719947,8.67196253643724,21.322144355417016,18.958102104591244,7.50554100589666,4.055256973035416,311.96563503018206,2.330620341106196,0.2594969676482272
1031.0,81.54649435855163,-23.64009767251388,8.673033207572411,21.100250999701114,18.75375188834233,7.467985752647973,4.0250263622841205,311.98428186742865,2.328319228915394,0.25963275569689875
1031.5,79.71643513955439,-23.901997698840503,8.674028780205312,20.874907664699144,18.548442936445706,7.43302565631145,3.9949588309244666,311.9957297415747,2.326037319504834,0.2597473080063275
1032.0,77.75869968191219,-24.159889605846224,8.674948822245396,20.646659647006857,18.342605829480227,7.400686249500467,3.96512840669679,311.99997177587727,2.3237766339744472,0.2598405631979155
1032.5,78.71627800132138,-24.413508487804553,8.675792934383303,20.416045094100213,18.136659694107756,7.370990485815361,3.9356068594848317,311.99700542214475,2.3215391746260554,0.2599124713043342
1033.0,76.05547908797044,-24.6625938282264,8.676560750264168,20.183593178889925,17.93101123928122,7.343958878994638,3.906463570274988,311.986832462267,2.3193269231899203,0.259962993796297
1033.5,80.75162603840589,-24.90688976746177,8.677251936646623,19.949822420967518,17.726053918335474,7.319609632904832,3.8777654212458517,311.96945900714525,2.317141839069515,0.2599921036032043
1034.0,78.00864390237987,-25.146145365517977,8.677866193547432,19.71523915971779,17.522167215607308,7.297958761670214,3.849576706208795,311.9448954930212,2.3149858576060702,0.2599997851276479
1034.5,76.4019700999279,-25.380114859824335,8.678403254371677,19.48033618271768,17.31971605518897,7.279020199321515,3.8219590604670373,311.913156675208,2.3128608883644293,0.25998603425376826
1035.0,75.31906139057105,-25.608557917678734,8.678862886028474,19.245591511157194,17.11905032847587,7.262805898417376,3.7949714090287534,,2.3107688134417375,0.2599508583494602
1035.5,74.83638545996166,-25.831239883116567,8.67924488903213,19.011467342422797,16.92050453632817,7.249325917163355,3.7686699319991925,,2.308711485800458,0.2598942762624248
1036.0,72.90910351831872,-26.04793201794858,8.67954909758873,18.778409148492894,16.724397540930813,7.238588494621175,3.74310804588712,311.7751005345855,2.3066907276271924,0.25981631831007057
1036.5,77.64275052358076,-26.258411736720007,8.679775379668083,18.54684492742153,16.531032421807232,7.230600113665891,3.7183363994914123,311.71489407203023,2.3047083287187595,0.25971702626326915
1037.0,69.15110790343164,-26.462462835349612,8.679923637061034,18.317184603940014,16.3406964299192,7.225365551410855,3.6944028829835123,311.6476504677351,2.3027660448969636,0.25959645332397363
1037.5,73.2939660123119,-26.659875713213815,8.679993805422084,18.089819574093745,16.15366103336463,7.222887916880353,3.67135264876943,311.5734101149611,2.300865596453451,0.25945466409671275
1038.0,71.04340130061027,-26.850447588447782,8.679985854297318,17.86512238785745,15.970182047864938,7.223168675767881,3.6492281426998736,311.49221760991907,2.2990086666260408,0.2592917345539744
1038.5,66.56199518442445,-27.033982706242284,8.679899787137616,17.643446562837745,15.790499845007256,7.226207662174704,3.628069144197497,311.4041217249804,2.297196900107869,0.2591077519954991
1039.0,65.9706354233029,-27.210292539922403,8.67973564129717,17.42512652147707,15.614839631069854,7.232003077279022,3.6079128138846666,311.30917537937995,2.295431901590677,0.2589028150015033
1039.5,67.17704188066256,-27.37919598460152,8.679493488017254,17.21047764361461,15.4434117892038,7.240551474941405,3.5887937473221334,311.20743560742693,2.293715234343526,0.2586770333798591
1040.0,66.04038537612314,-27.540519543211662,8.679173432395318,16.999796425833054,15.276412277764031,7.251847734307386,3.5707440335070513,311.0989635242447,2.2920484188282,0.2584305281072575
1040.5,65.669661863858,-27.694097504719124,8.678775613339367,16.793360738718857,15.11402307767025,7.265885019524059,3.5537933168263973,310.9838242890587,2.2904329313525262,0.25816343126438773
1041.0,64.21304252098327,-27.83977211434231,8.678300203507678,16.591430172980107,14.956412681825075,7.2826547267443855,3.537968861217715,310.8620870660554,2.2888702027627996,0.257875885965167
1041.5,65.5790601181663,-27.977393735596916,8.677747409233861,16.394246465291896,14.803736619815478,7.3021464186513985,3.5232956153518096,310.7338249828352,2.287361617176475,0.25756804628005736
1042.0,62.63057991556799,-28.106821004002057,8.67711747043731,16.20203399476389,14.656138011366254,7.324347746794858,3.5097962777203775,310.59911508648486,2.2859085107562453,0.2572400771535139
1042.5,59.1514802226543,-28.22792097228939,8.676410660519066,16.015000341039457,14.513748142293034,7.349244362095725,3.4974913605844637,310.45803829729516,2.2845121705265967,0.2568921543156044
1043.0,56.330679210598134,-28.34056924696612,8.675627286243177,15.833336895228971,14.376687057010338,7.3768198139392895,3.4863992518160396,310.31067936015205,2.2831738332338825,0.2565244641878515
1043.5,61.88237568552264,-28.44465011609157,8.674767687603541,15.6572195151416,14.245064161979906,7.407055438346368,3.47653627374406,310.15712679363025,2.28189468425093,0.2561372037833455
1044.0,58.10449368197462,-28.540056668136152,8.67383223767635,15.486809216599491,14.118978834830052,7.439930235783726,3.4679167381973213,309.99747283682035,2.280675856527149,0.2557305806011821
1044.5,52.4189851993952,-28.6266909018005,8.672821342458173,15.322252892985375,13.9985210342317,7.4754207392501515,3.4605529970186475,309.83181339392064,2.279518429585074,0.2553048125152819
1045.0,58.66850608485203,-28.704463826682105,8.671735440689744,15.163684055579598,13.883771905975744,7.513500873353301,3.4544554874079156,309.66024797662726,2.278423428564223,0.25486012765765065
1045.5,57.825052205741436,-28.77329555468597,8.670575003665551,15.011223587675945,13.774804381054764,7.554141805174631,3.4496327715347648,309.4828796443578,2.2773918233131245,0.2543967642961431
1046.0,53.761934119789885,-28.83311538208539,8.66934053502928,14.864980505918712,13.671683761905298,7.597311787805243,3.446091569945247,309.2998149423431,2.2764245275303225,0.25391497070679636
1046.5,57.85854051248612,-28.883861862148585,8.668032570555228,14.72505272276831,13.574468293311412,7.642975997524171,3.443836788369971,309.1111638376259,2.2755223979551022,0.2534150050408001
1047.0,52.045984605972095,-28.925482868256612,8.666651677915779,14.591527804471855,13.483209714803028,7.691096365681988,3.442871537624365,308.91703965300314,2.274686233608676,0.2528971351861758
1047.5,55.683739582610734,-28.95793564744762,8.665198456435018,14.464483719382372,13.3979537917007,7.741631406446342,3.443197146374501,308.7175589989533,2.273916775086483,0.2523616386242392
1048.0,54.125153789117654,-28.981186864332578,8.663673536828624,14.343989571929482,13.31874082226059,7.794536041661345,3.4448131666245043,308.51284170358815,2.273214703902241,0.25180880228092195
1048.5,53.78243216671457,-28.995212635337268,8.662077580930124,14.230106317991037,13.245606118657266,7.849761424169057,3.4477173718639764,308.30301074067216,2.2725806418843257,0.2512389223730333
1049.0,50.90178848926618,-28.99999855323542,8.660411281403658,14.12288745784487,13.178580459807291,7.907254761037545,3.4519057478961996,308.088192155752,2.2720151506250135,0.25065230424954305
1049.5,54.32143485735437,-28.995539701947774,8.658675361443349,14.022379703289186,13.117690514282248,7.966959138235439,3.4573724764502427,307.86851499044093,2.271518730983077,0.25004926222797175
1050.0,52.721189422495826,-28.98184066159183,8.656870574459427,13.92862361590668,13.06295923178605,8.028813348385963,3.464109911762579,307.64411120490354,2.2710918226401695,0.24943011942597543
1050.5,49.99755780324079,-28.958915503777206,8.654997703751249,13.84165421380898,13.014406201878176,8.092751723323278,3.4721085503965163,307.4151155985871,2.270734803711399,0.24879520758821502
1051.0,52.88382545857116,-28.926787777151304,8.653057562167321,13.761501544533335,12.972047978812634,8.158703973258815,3.4813569946506915,307.18166572924747,2.2704479904104278,0.24814486690860313
1051.5,52.9292881714402,-28.88549048321022,8.65105099175253,13.68819122207184,12.935898371532515,8.22659503444381,3.491841909991062,306.9439018303183,2.2702316367694015,0.24747944584802384
1052.0,49.773773345233806,-28.83506604239971,8.648978863382673,13.62174492629449,12.905968698013478,8.296344927284755,3.5035479770242195,306.7019667266725,2.27008593441395,0.2467993009476231
1052.5,52.39861844317475,-28.77556625054107,8.646842076386493,13.562180863281576,12.882268003287482,8.367868626929221,3.516457838613241,306.4560057488274,2.270011012393465,0.24610479663776902
1053.0,48.93382389858555,-28.707052225626597,8.64464155815536,13.509514185308833,12.864803240602331,8.441075948388638,3.5305520428204864,306.2061666456447,2.2700069370667992,0.24539630504278576
1053.5,49.09271183350254,-28.629594345039422,8.642378263740765,13.46375736943155,12.853579415284626,8.51587144830054,3.5458089824444166,305.95259949557754,2.2700737120434917,0.24467420578156443
1054.0,50.62198464624825,-28.54327217326207,8.640053175439826,13.424920553792994,12.848599690975758,8.592154345453219,3.5622048319991415,305.6954566165184,2.2702112781805726,0.24393888576415826
1054.5,49.20394788279473,-28.4481743801481,8.63766730236895,13.393011830939665,12.84986545800426,8.669818462199204,3.5797134830655004,305.43489247430165,2.2704195136349443,0.2431907389844714
1055.0,47.162167465440014,-28.344398649840706,8.635221680025873,13.368037497563177,12.857376363745464,8.748752188868583,3.5983064790203123,305.17106358991583,2.2706982339713,0.24243016630915198
1055.5,46.199071632484646,-28.23205158043188,8.63271736984023,13.35000226020809,12.871130304903133,8.828838473256962,3.6179529502251775,304.90412844548155,2.271047192325479,0.24165757526280235
1056.0,48.8379439200927,-28.111248574465225,8.630155458712899,13.338909396589209,12.891123381729622,8.909954837204593,3.6386195508269568,304.634247389051,2.2714660796231136,0.24087337980962237
1056.5,46.0462867453294,-27.98211372039481,8.62753705854425,13.334760872253332,12.917349814283497,8.991973422201063,3.6602703983877247,304.361582538287,2.271954524853382,0.24007800013160213
1057.0,47.014524423654386,-27.844779665121923,8.624863305751589,13.337557412401694,12.949801820908588,9.074761065842972,3.6828670176213882,304.0862976830788,2.272512095397611,0.23927186240338288
1057.5,48.38115557031499,-27.69938747774062,8.622135360775925,13.347298528763284,12.988469459208284,9.158179410838947,3.706368289566041,303.8085581871533,2.2731382974124497,0.2384553985639073
1058.0,45.528616968077074,-27.546086504631987,8.61935440757833,13.363982501478636,13.033340429885683,9.24208504809676,3.730730407564112,303.52853088874133,2.2738325762672704,0.23762904608498098
1058.5,47.03090633648725,-27.38503421605605,8.616521653126085,13.387606316021284,13.084399843926072,9.32632969524041,3.7559068414550003,303.24638400035735,2.2745943170354077,0.23679324773686947
1059.0,48.03235875416301,-27.216396044398806,8.613638326868843,13.418165555252921,13.141629953714972,9.410760411691195,3.7818483114057235,302.9622870077546,2.2754228450388014,0.23594845135105633
1059.5,50.76409138564862,-27.040345214240656,8.610705680205026,13.45565424678114,13.20500984881463,9.495219851206095,3.808502772812658,302.6764105681146,2.276317426445564,0.2350951095802892
1060.0,52.502746495756845,-26.857062564420637,8.607724985938713,13.500064665868209,13.274515117265857,9.57954655250014,3.835815413700187,302.3889264075335,2.2772772689199385,0.23423367965604264
1060.5,46.8526172410971,-26.66673636227939,8.60469753772722,13.551387094228705,13.350117473442177,9.66357526828803,3.8637286660185994,302.10000721786616,2.278301522324076,0.23336462314352768
1061.0,46.776557360714705,-26.469562110271546,8.601624649519643,13.609609535155212,13.431784353660603,9.747137332765995,3.892182232202624,301.8098265529899,2.279389279471005,0.23248840569437929
1061.5,48.255049181450275,-26.265742345146233,8.598507654986584,13.67471738552774,13.519478480948862,9.830061067219713,3.9211131282921614,301.5185587245507,2.280539576928137,0.2316054967971541
1062.0,50.791643943607454,-26.055486429902007,8.59534790694132,13.7466930653961,13.613157400583521,9.912172223090884,3.950455744837273,301.22637869725435,2.2817513958705775,0.23071636952577265
1062.5,50.765966567756216,-25.839010338729857,8.592146776752674,13.825515605977662,13.712772988247712,9.993294461467032,3.980141926709306,300.93346198376463,2.28302366298351,0.2298215002860401
1063.0,51.340036065358106,-25.616536435165205,8.588905653749816,13.91116019708757,13.81827093291061,10.073249867579747,4.0101010728187605,300.63998453927314,2.284355251412835,0.22892136856038192
1063.5,49.77420907541998,-25.38829324367682,8.585625944619279,14.003597695216621,13.929590196803874,10.151859498510055,4.040260256597763,300.3461226558028,2.2857449817632314,0.22801645665093118
1064.0,54.15853969329886,-25.154515214927237,8.582309072794446,14.102794093694902,14.046662455161748,10.228943961910518,4.070544367941075,300.0520528563092,2.287191623142753,0.22710724942110472
1064.5,54.31191354157664,-24.91544248494577,8.578956477837753,14.20870995662828,14.169411518700157,10.30432402316653,4.100876277114741,299.7579517886432,2.288693894253036,0.22619423403580718
1065.0,54.74880549669976,-24.671320628461594,8.575569614815912,14.321299818570663,14.297752742134602,10.377821238039438,4.131177020936785,299.4639961194384,2.2902504645241546,0.22527789970040182
1065.5,53.86833567038213,-24.422400406650198,8.572149953668387,14.440511552197922,14.431592422374568,10.449258607466936,4.16136601131115,299.1703624279875,2.291859955293111,0.224358737398588
1066.0,54.544664689191016,-24.168937509552244,8.56869897856942,14.566285706579507,14.570827190380474,10.51846125084668,4.1913612659560515,298.87722710017107,2.293520941024927,0.22343723962932563
1066.5,53.56838639494362,-23.911192293429703,8.565218187283895,14.698554819000297,14.71534340102503,10.585257093803303,4.221079660913389,298.5847662225024,2.295231950575247,0.22251390014294822
1067.0,57.723051152068734,-23.649429513328656,8.561709090517274,14.837242703667059,14.86501652566005,10.649477566141892,4.2504372041596294,298.2931554763523,2.2969914684933412,0.2215892136766049
1067.5,60.24488745388514,-23.38391805112383,8.558173211259943,14.982263721038937,15.01971055244773,10.710958305428106,4.279349329363621,298.0025700324172,2.2987979363643456,0.22066367568917392
1068.0,57.944546038939585,-23.11493063932397,8.554612084126214,15.133522031947454,15.179277399867082,10.769539861411205,4.307731208556869,297.71318444549416,2.30064975418956,0.21973778209578948
1068.5,56.95894758162705,-22.84274358092196,8.551027254688279,15.290910841115029,15.343556349146285,10.825068396326262,4.335498082200732,297.42517254962553,2.302545281803577,0.2188120290021241
1069.0,61.555126079327906,-22.56763646557719,8.547420278805415,15.454311635138286,15.512373501693226,10.877396375979567,4.3625656048570605,297.1387073536769,2.304482840326985,0.21788691243856856
1069.5,60.497323032207994,-22.289891882422086,8.54379272194873,15.623593420468305,15.685541267893656,10.926383246440613,4.388850204398571,296.8539609374106,2.3064607136533595,0.21696292809445278
1070.0,58.59256343190503,-22.009795129787374,8.540146158521718,15.7986119673894,15.862857893911386,10.971896091137772,4.4142694524372486,296.5711043481173,2.3084771499692303,0.216040571052449
1070.5,59.42869496624507,-21.727633922144612,8.536482171176957,15.979209066464149,16.04410703335075,11.01381026318532,4.438742443408276,296.2903074978677,2.3105303633056717,0.21512033552329995
1071.0,63.0087702335564,-21.443698094566823,8.532802350129211,16.165211804368322,16.229057370820065,11.052009987857884,4.462190179527865,296.0117390614465,2.312618535120145,0.21420271458101464
1071.5,59.762525300933426,-21.15827930501084,8.529108292465267,16.356431866477408,16.41746230455886,11.08638893027571,4.4845359586508104,295.73556637502946,2.314739815907192,0.21328819989867293
1072.0,64.69923022747163,-20.871670734727207,8.525401601450776,16.552664873977427,16.60905969535219,11.11685072356957,4.505705761891744,295.46195533566396,2.3168923268365513,0.2123772814849806
1072.5,63.42376612274703,-20.584166787105346,8.521683885834411,16.75368976364815,16.803571688946228,11.143309453056675,4.5256286377471175,295.1910703016152,2.319074161417252,0.21147044742171658
1073.0,64.50419749086711,-20.296062785263395,8.517956759149662,16.959268218796325,17.000704619091447,11.165690092276408,4.544237079366449,294.9230739936357,2.321283387186199,0.21056818360221247
1073.5,66.95866568297556,-20.007654668693178,8.51422183901453,17.169144160090486,17.200148998167506,11.18392888710385,4.561467391574352,294.6581273972191,2.323518047419769,0.20967097347100447
1074.0,67.58341985901583,-19.71923868927223,8.51048074642947,17.383043305256134,17.401579602080023,11.197973684576112,4.577260044241717,294.3963896658961,2.3257761628668923,0.20877929776479787
1074.5,68.49849461347705,-19.431111106954756,8.506735105073856,17.600672806720954,17.604655655759284,11.207784203526524,4.5915600086469075,294.13801802563063,2.3280557335020835,0.2078936342548819
1075.0,68.59352261353717,-19.14356788545439,8.502986540601283,17.821720976342927,17.8090211251291,11.213332244619322,4.604317073556637,293.8831676803745,2.3303547402968783,0.20701445749113384
1075.5,68.98564218878491,-18.856904388231253,8.499236679934011,18.045857106299792,18.014305120848185,11.21460183790643,4.6154861378915735,293.63199171883605,2.332671147008097,0.20614223854774918
1076.0,70.49224501800094,-18.571415075095548,8.495487150556869,18.272731395057047,18.22012241845451,11.211589326581418,4.625027477022661,293.3846410225198,2.335002901981357,0.20527744477083393
1076.5,75.86589872432162,-18.287393199739405,8.491739579810899,18.50197498705378,18.426074098764616,11.204303386176715,4.632906979968964,293.14126417509186,2.3373479399682324,0.20442053952799447
1077.0,69.5341580357628,-18.005130508507655,8.487995594187074,18.733200134344,18.631748311496786,11.192764979031127,4.639096355033942,292.9020073731257,2.3397041839554595,0.20357198196005954
1077.5,70.85277975730271,-17.72491694071695,8.484256818620382,18.96600048789865,18.836721164103004,11.177007244437771,4.643573301720949,292.6670143382817,2.3420695470045567,0.20273222673506644
1078.0,72.39587363612415,-17.447040330830966,8.48052487578458,19.19995152560564,19.04055773671457,11.157075325460536,4.646321647106213,292.43642623097367,2.3444419341002387,0.20190172380464405
1078.5,77.61607499690992,-17.17178611279789,8.476801385387942,19.434611123197893,19.24281322293832,11.133026133971732,4.6473314452136485,292.21038156557347,2.346819244005983,0.2010809181629232
1079.0,77.60312824918529,-16.899437026853516,8.473087963470276,19.66952027339284,19.443034194994315,11.104928056008115,4.646599038324922,291.9890161272056,2.3491993711251054,0.20027024960810288
1079.5,78.22124336377333,-16.630272829091428,8.469386221701551,19.904203957440885,19.640759990373205,11.072860600059299,4.644127079564381,291.772462890181,2.3515802073657013,0.19947015250680075
1080.0,77.12092747341143,-16.364570004098443,8.465697766682412,20.138172172059374,19.835524215826194,11.036913991385697,4.639924516515075,291.5608519381191,2.3539596440077935,0.19868105556131405
1080.5,77.80858671066281,-16.102601480950575,8.462024199246894,20.370921113379666,20.026856363099235,10.997188715906214,4.634006536042728,291.3543103858068,2.356335573571035,0.1979033815799153
1081.0,80.91791647881773,-15.844636352861102,8.458367113767636,20.601934518065477,20.2142835294022,10.953795017594008,4.62639447092226,291.1529623028405,2.3587058916813213,0.19713754725030624
1081.5,75.59605355991596,-15.590939600768992,8.454728097463915,20.830685160185055,20.397332234184006,10.906852353667233,4.617115669269698,290.95692863909727,2.36106849893464,0.19638396291635124
1082.0,77.39568165579624,-15.341771821151276,8.451108729712763,21.056636500751143,20.575530322385642,10.856488812156982,4.606203328174558,290.7663271520806,2.3634213027565307,0.19564303235820968
1082.5,82.75053802049882,-15.097388958339216,8.447510581363506,21.279244485100104,20.748408942986728,10.802840496674262,4.593696293297919,290.5812723361828,2.3657622192554846,0.19491515257598543
1083.0,79.75899578649683,-14.858042041613132,8.443935214055992,21.49795948148494,20.91550459037013,10.746050883379649,4.579638826543771,290.4018753539088,2.368089175068662,0.1942007135770092
1083.5,81.44421743736217,-14.623976927345927,8.440384179542821,21.71222835242978,21.076361194825303,10.686270155282596,4.564080344220768,290.22824396910045,2.3704001091982825,0.19350009816686742
1084.0,83.58157180565371,-14.395434046460236,8.436859019015868,21.92149664856073,21.23053224741718,10.623654519062121,4.54707512838386,290.06048248220276,2.372692974837058,0.19281368174429014
1084.5,83.15017238817099,-14.172648157458552,8.433361262437383,22.125210912816918,21.37758294348474,10.558365509607835,4.528682014276926,289.89869166761076,2.3749657411810654,0.19214183210000776
1085.0,82.17455264974454,-13.95584810528009,8.429892427875975,22.322821081185335,21.517092328223104,10.490569287431448,4.508964056985531,289.7429687131339,2.3772163952284386,0.19148490921968375
1085.5,86.61173370827022,-13.745256586231939,8.426454020847745,22.513782964422305,21.64865542716301,10.420435933997014,4.487988180551692,289.5934071616158,2.379442943562297,0.1908432650910299
1086.0,84.50574241116288,-13.541089919236235,8.423047533662876,22.697560793654063,21.771885343909677,10.348138749865859,4.465824812898772,289.4500968547426,2.381643414116324,0.1902172435152067
1086.5,86.13018874168986,-13.343557823627997,8.419674444777957,22.87362981131826,21.88641530725288,10.273853560353816,4.442547509964434,289.3131238790752,2.3838158579214404,0.18960717992261028
1087.0,87.83450316870068,-13.15286320373214,8.41633621815431,23.041478887646438,21.99190064972344,10.197758033157989,4.418232572443632,289.1825705143371,2.3859583508320137,0.18901340119314464
1087.5,89.28025756180067,-12.969201940440813,8.413034302622615,23.200613141821975,22.088020699856017,10.120031012132905,4.392958658503462,289.0585151839887,2.3880689952300878,0.18843622548107494
1088.0,88.96565299646005,-12.792762690005173,8.409770131254097,23.350556546104638,22.174480570828855,10.040851871086371,4.366806395749561,288.94103240811853,2.3901459217061105,0.18787596204455656
1088.5,86.69596834024429,-12.62372669024831,8.406545120738564,23.490854490613525,22.251012828788824,9.960399891129324,4.3398579956027445,288.830192758679,2.392187290714683,0.18733291107993047
1089.0,88.12936936491238,-12.462267574398336,8.40336067076953,23.62107628612499,22.31737902503093,9.878853664756692,4.312196873088038,288.72606281709346,2.394191294203854,0.1868073635608744
1089.5,89.28171572140968,-12.30855119273292,8.400218163436755,23.740817582185837,22.373371077279185,9.796390529463071,4.283907274850221,288.6287051342613,2.3961561572165215,0.18629960108249513
1090.0,89.65215977774719,-12.162735442218384,8.397118962626378,23.8497026780758,22.418812486598277,9.713186033313841,4.25507391799492,288.5381781929829,2.3980801394625235,0.1858098957104464
1090.5,97.08188479709382,-12.0249701043185,8.39406441342899,23.947386704683353,22.45355937793839,9.629413434503647,4.225781642116549,288.45453637282964,2.399961536860021,0.18533850983515263
1091.0,91.62564672237238,-11.895396691139425,8.39105584155584,24.033557656185835,22.47750135396011,9.545243236545625,4.1961150766188435,288.3778299174776,2.401798683044813,0.18488569603121663
1091.5,87.89320311212526,-11.774148300068935,8.388094552763462,24.10793825154462,22.49056215358044,9.460842760350594,4.166158325165143,288.30810490452643,2.403589950846246,0.18445169692208707
1092.0,93.51693094329853,-11.661349477059227,8.385181832286966,24.17028760722863,22.492700108599877,9.376375754080298,4.135994668818552,288.2454032178204,2.4053337537284074,0.18403674505005754
1092.5,89.22985017610323,-11.55711608869373,8.382318944282222,24.2204027042499,22.483908393787136,9.292002041296257,4.105706289151238,288.1897625222888,2.4070285471953285,0.18364106275166764
1093.0,88.59254913264867,-11.4615552031693,8.379507131277208,24.258119634512543,22.464215067882446,9.207877207579626,4.0753740123217606,288.14121624132054,2.408672830158954,0.18326486203857187
1093.5,93.83691369646387,-11.374764980316156,8.37674761363273,24.283314613616422,22.433682905102824,9.124152325470542,4.045077074843314,288.0997935366868,2.410265146268665,0.1829083444839414
1094.0,97.60413791115295,-11.296834570768384,8.374041589012785,24.295904749589102,22.392409018860857,9.040973717270099,4.014892911497929,288.0655192910234,2.4118040852011737,0.18257170111445842
1094.5,89.86920021220708,-11.227844024388727,8.371390231864744,24.295848559510976,22.340524281511755,8.958482754966674,3.9848969655950905,288.0384140928841,2.413288283909659,0.1822551123079615
1095.0,93.75633767595023,-11.167864208041603,8.368794692909635,24.283146228611777,22.278192545989935,8.876815696292184,3.955162521530744,288.01849422437266,2.4147164278310216,0.18195874769679707
1095.5,88.94737070802006,-11.116956732798911,8.366256098642719,24.257839609112853,22.205609677157053,8.796103555683805,3.925760559376627,288.0057716513623,2.4160872520501995,0.18168276607692802
1096.0,93.17208316661507,-11.07517389065333,8.363775550844572,24.220011958827357,22.123002402529238,8.716472008724015,3.8967596310221055,288.00025401630796,2.417399542420514,0.18142731532284886
1096.5,90.82510435526487,-11.042558600804155,8.361354126102906,24.169787422268186,22.030626993757405,8.638041328455955,3.868225757202681,288.0019446336553,2.4186521366390417,0.18119253230835272
1097.0,93.12183718446113,-11.019144365570835,8.358992875345306,24.10733025970918,21.92876779177664,8.560926351822364,3.8402223445819517,288.0108424878498,2.419843925276076,0.18097854283319248
1097.5,92.53438225742471,-11.004955235979505,8.356692823383124,24.03284383225726,21.81773558990004,8.48523647435406,3.8128101219077712,288.0269422339467,2.420973852757754,0.18078546155567585
1098.0,94.04359310892947,-11.000005787057843,8.354454968466696,23.946569353483515,21.69786589029131,8.41107567113718,3.7860470941385582,288.05023420082193,2.422040918300983,0.1806133919312297
1098.5,90.76185797521781,-11.00430110286365,8.352280281852089,23.84878442049178,21.569517050197632,8.338542542016153,3.7599885133323143,288.08070439698116,2.4230441767998423,0.1804624261569676
1099.0,87.20788248876023,-11.017836771262528,8.350169707379562,23.739801339441417,21.43306833504949,8.267730378940255,3.734686865008054,288.118334518965,2.4239827396626668,0.18033264512228925
1099.5,90.41850319878871,-11.040598888460009,8.348124161063932,23.619965262456557,21.288917896034054,8.198727253334065,3.710191868626532,288.1631019623435,2.4248557755990774,0.18022411836553892
1100.0,90.25927247505601,-11.07256407328348,8.346144530697009,23.48965215452214,21.137480690021285,8.131616121364656,3.6865504907932283,288.21497983529474,2.425662511356262,0.180136904036746
